objectid,filename,youtubeid,title,creator,date,description,subject,location,latitude,longitude,source,identifier,type,format,language,rights,rightsstatement
coll0001,100a.jpg,,100 Years of Library Science Education in the Philippines,,,,,Quezon City,14.65498336,121.0711182,UP SLIS Archives,,Image;StillImage,image/jpeg,,Educational use includes non-commercial use of text and images in materials for teaching and research purposes. Digital reproduction rights granted by the UP SLIS.,http://rightsstatements.org/vocab/NoC-US/1.0/
coll0002,100b.jpg,,100 Years of Library Science Education in the Philippines,,,,,,,,UP SLIS Archives,,Image;StillImage,image/jpeg,,Educational use includes non-commercial use of text and images in materials for teaching and research purposes. Digital reproduction rights granted by the UP SLIS.,http://rightsstatements.org/vocab/NoC-US/1.0/
coll0003,100c.jpg,,100 Years of Library Science Education in the Philippines,,,,,,,,UP SLIS Archives,,Image;StillImage,image/jpeg,,Educational use includes non-commercial use of text and images in materials for teaching and research purposes. Digital reproduction rights granted by the UP SLIS.,http://rightsstatements.org/vocab/NoC-US/1.0/
coll0004,100d.jpg,,100 Years of Library Science Education in the Philippines,,,,,,,,UP SLIS Archives,,Image;StillImage,image/jpeg,,Educational use includes non-commercial use of text and images in materials for teaching and research purposes. Digital reproduction rights granted by the UP SLIS.,http://rightsstatements.org/vocab/NoC-US/1.0/
coll0005,100e.jpg,,100 Years of Library Science Education in the Philippines,,,,,,,,UP SLIS Archives,,Image;StillImage,image/jpeg,,Educational use includes non-commercial use of text and images in materials for teaching and research purposes. Digital reproduction rights granted by the UP SLIS.,http://rightsstatements.org/vocab/NoC-US/1.0/
coll0006,1917.JPG,,The LIbrary Science Class,,1917,"Seated: Nicetas Del Mundo, Mary Polk, Syrena McKee, Emma O. Elmer, and Luis Montilla. Standing: Estaquio G. Aquino, Jose Munda, Cirilo B. Perez, Gabriel A. Bernardo, and Gregorio Del Rosario",upslis; library science class; Nicetas Del Mundo; Mary Polk; Syrena McKee; Emma o. Elmer; Luis Montilla; Estaquio G. Aquino; Jose Munda; Cirilo B. Perez; Gabriel A. Bernardo; Gregorio Del Rosario,Manila,14.57998136,120.9849303,UP SLIS Archives,,Image;StillImage,image/jpeg,,Educational use includes non-commercial use of text and images in materials for teaching and research purposes. Digital reproduction rights granted by the UP SLIS.,http://rightsstatements.org/vocab/NoC-US/1.0/
coll0007,1954_rmenguitocarmenlazaroand2otherablsstudents.JPG,,Future Dean Rosa M. Vallejo and ABLS students,,1954,"Carmen Lazaro, Rosa M. Vallejo and ABLS students ca. 1954",upslis; faculty; abls; library; teacher; Carmen Lazaro; Rosa M. Vallejo,,,,UP SLIS Archives,,Image;StillImage,image/jpeg,,Educational use includes non-commercial use of text and images in materials for teaching and research purposes. Digital reproduction rights granted by the UP SLIS.,http://rightsstatements.org/vocab/NoC-US/1.0/
coll0008,1956_carmenlazaropacificoaustriarmvetcinfrontoftableswithmelonfruits.JPG,,Future Dean Rosa M. Vallejo and LS students,,1956,"Carmen lazaro, Pacifico Austria,  Rosa M. Vallejo and others in 1956.",upslis; faculty; teacher; Carmen Lazaro; Pacifico Austria; Rosa M. Vallejo,,,,UP SLIS Archives,,Image;StillImage,image/jpeg,,Educational use includes non-commercial use of text and images in materials for teaching and research purposes. Digital reproduction rights granted by the UP SLIS.,http://rightsstatements.org/vocab/NoC-US/1.0/
coll0009,19562_rmvcarmenlazaroand5otherlsstudents.JPG,,Future Dean Rosa M. Vallejo and LS students,,1956,"Carmen Lazaro, Rosa M. Vallejo and LS students ca. 1956",upslis; faculty; Carmen Lazaro; Rosa M. Vallejo; teacher,,,,UP SLIS Archives,,Image;StillImage,image/jpeg,,Educational use includes non-commercial use of text and images in materials for teaching and research purposes. Digital reproduction rights granted by the UP SLIS.,http://rightsstatements.org/vocab/NoC-US/1.0/
coll0010,1959_beulahdalao-nuval___mrsadalaormv.JPG,,Future Dean Rosa M. Vallejo and LS students,,1959,"Beulah Dalao-Nuval, Mrs. A. Dalao, Rosa M. Vallejo and others ca. 1959",upslis; academic affairs committee; Beulah Dalao-Nuval; Mrs. A. Dalao; Rosa M. Vallejo,,,,UP SLIS Archives,,Image;StillImage,image/jpeg,,Educational use includes non-commercial use of text and images in materials for teaching and research purposes. Digital reproduction rights granted by the UP SLIS.,http://rightsstatements.org/vocab/NoC-US/1.0/
coll0011,1stsummerinst01.jpg,,1st Summer Institute Class,,1975-5,1st Summer Institute Class infront of Palma Hall,upslis; summer institute,Quezon City,14.65369807,121.069854,UP SLIS Archives,,Image;StillImage,image/jpeg,,Educational use includes non-commercial use of text and images in materials for teaching and research purposes. Digital reproduction rights granted by the UP SLIS.,http://rightsstatements.org/vocab/NoC-US/1.0/
coll0012,1stsummerinst02.jpg,,1st Summer Institute Class,,1975-5,1st Summer Institute Class infront of Palma Hall,upslis; summer institute,Quezon City,14.65369807,121.069854,UP SLIS Archives,,Image;StillImage,image/jpeg,,Educational use includes non-commercial use of text and images in materials for teaching and research purposes. Digital reproduction rights granted by the UP SLIS.,http://rightsstatements.org/vocab/NoC-US/1.0/
coll0013,30th10001.jpg,,UP ILS 30th Anniversary,,1991-12,"On to the 21st century of information society... the U.P. Institute of Library Science (UPILS) Celebrates its 30th Anniversary Opening ceremonies 4 December 1991, 9:00 - 11:00 A.M. University Archives display and exhibit area 2nd flr. Gonzalez Hall (Main Library bldg.) Diliman, Quezon City",30th;upils,Quezon City,14.65498336,121.0711182,UP SLIS Archives,,Image;StillImage,image/jpeg,,Educational use includes non-commercial use of text and images in materials for teaching and research purposes. Digital reproduction rights granted by the UP SLIS.,http://rightsstatements.org/vocab/NoC-US/1.0/
coll0014,30th10002.jpg,,UP ILS 30th Anniversary,,1991-12,UPLIS 30th Anniversary Opening Ceremonies,30th;upils,Quezon City,14.65498336,121.0711182,UP SLIS Archives,,Image;StillImage,image/jpeg,,Educational use includes non-commercial use of text and images in materials for teaching and research purposes. Digital reproduction rights granted by the UP SLIS.,http://rightsstatements.org/vocab/NoC-US/1.0/
coll0015,30th10007.jpg,,UP ILS 30th Anniversary,,1991-12,UPLIS 30th Anniversary Ribbon Cutting Ceremony,30th;upils,Quezon City,14.65498336,121.0711182,UP SLIS Archives,,Image;StillImage,image/jpeg,,Educational use includes non-commercial use of text and images in materials for teaching and research purposes. Digital reproduction rights granted by the UP SLIS.,http://rightsstatements.org/vocab/NoC-US/1.0/
coll0016,40th10001.jpg,,UPSLIS 40th Anniversary,,2001-12,"40th Anniversary UPSLIS Memory Board - Extension Work, Review Programs",40th;upils,Quezon City,14.65498336,121.0711182,UP SLIS Archives,,Image;StillImage,image/jpeg,,Educational use includes non-commercial use of text and images in materials for teaching and research purposes. Digital reproduction rights granted by the UP SLIS.,http://rightsstatements.org/vocab/NoC-US/1.0/
coll0017,40th10002.jpg,,UPSLIS 40th Anniversary,,2001-12,"40th Anniversary UPSLIS Memory Board - Anniversaries, Summer Institutes, Seminars",40th;upils,Quezon City,14.65498336,121.0711182,UP SLIS Archives,,Image;StillImage,image/jpeg,,Educational use includes non-commercial use of text and images in materials for teaching and research purposes. Digital reproduction rights granted by the UP SLIS.,http://rightsstatements.org/vocab/NoC-US/1.0/
coll0018,40th10003.jpg,,UPSLIS 40th Anniversary,,2001-12,40 Years: ILS and the Challenges of the Information Age,40th;upils,Quezon City,14.65498336,121.0711182,UP SLIS Archives,,Image;StillImage,image/jpeg,,Educational use includes non-commercial use of text and images in materials for teaching and research purposes. Digital reproduction rights granted by the UP SLIS.,http://rightsstatements.org/vocab/NoC-US/1.0/
coll0019,50th-001.JPG,,UPSLIS 50th Anniversary,,2011-12,UPSLIS 50th Anniversary giant cake,50th; uplis,Quezon City,14.65498336,121.0711182,UP SLIS Archives,,Image;StillImage,image/jpeg,,Educational use includes non-commercial use of text and images in materials for teaching and research purposes. Digital reproduction rights granted by the UP SLIS.,http://rightsstatements.org/vocab/NoC-US/1.0/
coll0020,50th-002.JPG,,UPSLIS 50th Anniversary,,2011-12,UPSLIS 50th Anniversary trivia book,50th; uplis,Quezon City,14.65498336,121.0711182,UP SLIS Archives,,Image;StillImage,image/jpeg,,Educational use includes non-commercial use of text and images in materials for teaching and research purposes. Digital reproduction rights granted by the UP SLIS.,http://rightsstatements.org/vocab/NoC-US/1.0/
coll0021,50th-004.JPG,,UPSLIS 50th Anniversary,,2011-12,UPSLIS 50th Anniversary 50 yellow cupcakes,50th; uplis,Quezon City,14.65498336,121.0711182,UP SLIS Archives,,Image;StillImage,image/jpeg,,Educational use includes non-commercial use of text and images in materials for teaching and research purposes. Digital reproduction rights granted by the UP SLIS.,http://rightsstatements.org/vocab/NoC-US/1.0/
coll0022,50th-005.JPG,,UPSLIS 50th Anniversary,,2011-12,"Attendees included faculty, staff and alumni including College of Engineering Head Librarian Ms. Sharon Ma. S. Esposo-Betan, CSSP Head Librarian ms. Elvira B. Lapuz, Prof. Rhea Rowena U. Apolinario, University Archives Division Head LIbrarian Ms. Eimee Rhea C. Lagrama, Prof. Dan Anthony D. Dorado, Media Services Head Librarian Ms. Grace B. Tabiendo, Prof. Lyra S. Buenrostro-Cabbab, former faculty member Prof. Grace Marie B. Gonazles, Prof. Mary Grace Golfo-Barcelona and SLIS Lecturer Ms. Ma Arlene A. Marzo.",50th; uplis; faculty; staff; alumni; dean; Sharon ma. S. Esposo-betan; Elvia B. Lapuz; Rhea Rowena U. Apolinario; Eimee Rhea C. Lagrama; Dan Anthony D. Dorado; Grace B. Tabiendo; Lyra S. Buenrostro-Cabbab; Grace marie B. Gonazles; Mary Grace Golfo-Barcelona; Ma Arlene A. Marzo,Quezon City,14.65498336,121.0711182,UP SLIS Archives,,Image;StillImage,image/jpeg,,Educational use includes non-commercial use of text and images in materials for teaching and research purposes. Digital reproduction rights granted by the UP SLIS.,http://rightsstatements.org/vocab/NoC-US/1.0/
coll0023,50th-006.JPG,,UPSLIS 50th Anniversary,,2011-12,Chancellor Caesar A. Saloma with Prof. Rodolfo Y. Tarlit being assisted by UPSLIS students for event registration,50th; uplis; Caesar A. Saloma; faculty; students,Quezon City,14.65498336,121.0711182,UP SLIS Archives,,Image;StillImage,image/jpeg,,Educational use includes non-commercial use of text and images in materials for teaching and research purposes. Digital reproduction rights granted by the UP SLIS.,http://rightsstatements.org/vocab/NoC-US/1.0/
coll0024,50th-007.JPG,,UPSLIS 50th Anniversary,,2011-12,Prof. Dan Anthony D. Dorado and Ms. Eimee Rhea C. Lagrama doing the emceeing duties,50th; uplis; faculty; Dan Anthony D. Dorado; Eimee Rhea C. Lagrama,Quezon City,14.65498336,121.0711182,UP SLIS Archives,,Image;StillImage,image/jpeg,,Educational use includes non-commercial use of text and images in materials for teaching and research purposes. Digital reproduction rights granted by the UP SLIS.,http://rightsstatements.org/vocab/NoC-US/1.0/
coll0025,50th-008.JPG,,UPSLIS 50th Anniversary,,2011-12,"Dean Johann Fredrick A. Cabbab with CHK Dean Ronualdo U. Dizer, Vice-Chancellor for Academic Affairs Dr. Ronald S. banzon, and Chancellor Caesar A. Saloma.",50th; uplis; Johann Fredrick A. Cabbab; Ronualdo U. Dizer; dean; Ronald S. Banzon; Caesar A. Saloma,Quezon City,14.65498336,121.0711182,UP SLIS Archives,,Image;StillImage,image/jpeg,,Educational use includes non-commercial use of text and images in materials for teaching and research purposes. Digital reproduction rights granted by the UP SLIS.,http://rightsstatements.org/vocab/NoC-US/1.0/
coll0026,50th-011.JPG,,UPSLIS 50th Anniversary,,2011-12,Dean Johann Fredrick A. Cabbab speaking,50th; uplis; dean ; Johann Fredrick A. Cabbab,Quezon City,14.65498336,121.0711182,UP SLIS Archives,,Image;StillImage,image/jpeg,,Educational use includes non-commercial use of text and images in materials for teaching and research purposes. Digital reproduction rights granted by the UP SLIS.,http://rightsstatements.org/vocab/NoC-US/1.0/
coll0027,50th-013.JPG,,UPSLIS 50th Anniversary,,2011-12,Chancellor Caesar A. Saloma shares and umbrella with Prof. Rodolfo Y. Tarlit.,50th; uplis; faculty; Caesar A. Saloma; Rodolfo Y. Tarlit,Quezon City,14.65498336,121.0711182,UP SLIS Archives,,Image;StillImage,image/jpeg,,Educational use includes non-commercial use of text and images in materials for teaching and research purposes. Digital reproduction rights granted by the UP SLIS.,http://rightsstatements.org/vocab/NoC-US/1.0/
coll0028,50th-014.JPG,,UPSLIS 50th Anniversary,,2011-12,"House of Representatives LIbrary Directoy and SLIS Lecturer Ms. Emma M. Rey, Dean Johann Fredrick A. Cabbb, former Dean Vyva Victoria M. Aguirre, Vice-Chancellor for Academic Affairs Dr. Ronald S. Banzon, CHK Dean Ronualdo U. Dizer, College Secretary Prof. Kathleen Lourdes B. Obille, and subsequent University Librarian Prof. Rodolfo Y. Tarlit releasing 50 butterflies together with the attendees of the opening ceremonies.",50th; uplis; Emma M. rey Johann Fredrick A. Cabbb; dean; faculty; staff; alumni; Vyva Victoria M. Aguirre; Ronald S. Banzon; Ronualdo U. Dizer; Kathleen Lourdes B. Obille; Rodolfo Y. Tarlit,Quezon City,14.65498336,121.0711182,UP SLIS Archives,,Image;StillImage,image/jpeg,,Educational use includes non-commercial use of text and images in materials for teaching and research purposes. Digital reproduction rights granted by the UP SLIS.,http://rightsstatements.org/vocab/NoC-US/1.0/
coll0029,50th-018.JPG,,UPSLIS 50th Anniversary,,2011-12,Candel ceremony with UPSLIS students,50th; uplis; students,Quezon City,14.65498336,121.0711182,UP SLIS Archives,,Image;StillImage,image/jpeg,,Educational use includes non-commercial use of text and images in materials for teaching and research purposes. Digital reproduction rights granted by the UP SLIS.,http://rightsstatements.org/vocab/NoC-US/1.0/
coll0030,50th-019.JPG,,UPSLIS 50th Anniversary,,2011-12,"Attendees included faculty, staff and alumni including College of Engineering Head Librarian Ms. Sharon Ma. S. Esposo-Betan, CSSP Head Librarian ms. Elvira B. Lapuz, Prof. Rhea Rowena U. Apolinario, University Archives Division Head LIbrarian Ms. Eimee Rhea C. Lagrama, Prof. Dan Anthony D. Dorado, Media Services Head Librarian Ms. Grace B. Tabiendo, Prof. Lyra S. Buenrostro-Cabbab, former faculty member Prof. Grace Marie B. Gonazles, Prof. Mary Grace Golfo-Barcelona and SLIS Lecturer Ms. Ma Arlene A. Marzo.",50th; uplis; faculty; staff; alumni; dean; Sharon ma. S. Esposo-betan; Elvia B. Lapuz; Rhea Rowena U. Apolinario; Eimee Rhea C. Lagrama; Dan Anthony D. Dorado; Grace B. Tabiendo; Lyra S. Buenrostro-Cabbab; Grace marie B. Gonazles; Mary Grace Golfo-Barcelona; Ma Arlene A. Marzo,Quezon City,14.65498336,121.0711182,UP SLIS Archives,,Image;StillImage,image/jpeg,,Educational use includes non-commercial use of text and images in materials for teaching and research purposes. Digital reproduction rights granted by the UP SLIS.,http://rightsstatements.org/vocab/NoC-US/1.0/
coll0031,50th-020.JPG,,UPSLIS 50th Anniversary,,2011-12,"Attendees included faculty, staff and alumni including College of Engineering Head Librarian Ms. Sharon Ma. S. Esposo-Betan, CSSP Head Librarian ms. Elvira B. Lapuz, Prof. Rhea Rowena U. Apolinario, University Archives Division Head LIbrarian Ms. Eimee Rhea C. Lagrama, Prof. Dan Anthony D. Dorado, Media Services Head Librarian Ms. Grace B. Tabiendo, Prof. Lyra S. Buenrostro-Cabbab, former faculty member Prof. Grace Marie B. Gonazles, Prof. Mary Grace Golfo-Barcelona and SLIS Lecturer Ms. Ma Arlene A. Marzo.",50th; uplis; faculty; staff; alumni; dean; Sharon ma. S. Esposo-betan; Elvia B. Lapuz; Rhea Rowena U. Apolinario; Eimee Rhea C. Lagrama; Dan Anthony D. Dorado; Grace B. Tabiendo; Lyra S. Buenrostro-Cabbab; Grace marie B. Gonazles; Mary Grace Golfo-Barcelona; Ma Arlene A. Marzo,Quezon City,14.65498336,121.0711182,UP SLIS Archives,,Image;StillImage,image/jpeg,,Educational use includes non-commercial use of text and images in materials for teaching and research purposes. Digital reproduction rights granted by the UP SLIS.,http://rightsstatements.org/vocab/NoC-US/1.0/
coll0032,50th-021.JPG,,UPSLIS 50th Anniversary,,2011-12,"Former Dean Vyva Victoria M. Aguirre, College of Engineering Head Librarian Ms. Sharon Ma. S. Esposo-Betan, and College Secretary Prof. Kathleen Lourdes B. Obille",50th; uplis; Vyva Victoria M. Aguirre; Sharon Ma. S. Esposo-Beta; Kathleen Lourdes B. Obille,Quezon City,14.65498336,121.0711182,UP SLIS Archives,,Image;StillImage,image/jpeg,,Educational use includes non-commercial use of text and images in materials for teaching and research purposes. Digital reproduction rights granted by the UP SLIS.,http://rightsstatements.org/vocab/NoC-US/1.0/
coll0033,50th-022.JPG,,UPSLIS 50th Anniversary,,2011-12,Dean Johann Fredrick A. Cabbab,50th; uplis; dean; faculty,Quezon City,14.65498336,121.0711182,UP SLIS Archives,,Image;StillImage,image/jpeg,,Educational use includes non-commercial use of text and images in materials for teaching and research purposes. Digital reproduction rights granted by the UP SLIS.,http://rightsstatements.org/vocab/NoC-US/1.0/
coll0034,abueva01.jpg,,UP President Jose Aueva ILS Visit 1987,,1987,"President Jose Abueva, seen here with Dean Vallejo, Prof. H. Santos, Dr. Picache, and Prof. Faderon, during his visit to the ILS in 1987.",Jose Abueva; dean; Rosa M. Vallejo; H. Santos; Picache; Faderon,Quezon City,14.65498336,121.0711182,UP SLIS Archives,,Image;StillImage,image/jpeg,,Educational use includes non-commercial use of text and images in materials for teaching and research purposes. Digital reproduction rights granted by the UP SLIS.,http://rightsstatements.org/vocab/NoC-US/1.0/
coll0047,alieplogo.png,,Asia-Pacific Library and Information Education and Practice Logo,,,,,,,,UP SLIS Archives,,Image;StillImage,image/jpeg,,Educational use includes non-commercial use of text and images in materials for teaching and research purposes. Digital reproduction rights granted by the UP SLIS.,http://rightsstatements.org/vocab/NoC-US/1.0/
coll0051,bg001.JPG,,Gonzalez Hall Background Photo,,2016-07,Gonzalez Hall roof colored,gonzalez hall; upslis,Quezon City,14.65498336,121.0711182,UP SLIS Archives,,Image;StillImage,image/jpeg,,Educational use includes non-commercial use of text and images in materials for teaching and research purposes. Digital reproduction rights granted by the UP SLIS.,http://rightsstatements.org/vocab/NoC-US/1.0/
coll0052,bg002.JPG,,Gonzalez Hall Background Photo,,2016-05,Gonzalez Hall roof black and white,gonzalez hall; upslis,Quezon City,14.65498336,121.0711182,UP SLIS Archives,,Image;StillImage,image/jpeg,,Educational use includes non-commercial use of text and images in materials for teaching and research purposes. Digital reproduction rights granted by the UP SLIS.,http://rightsstatements.org/vocab/NoC-US/1.0/
coll0053,bg003.JPG,,Gonzalez Hall Background Photo,,2016-05,Gonzalez Hall facade,gonzalez hall; upslis,Quezon City,14.65498336,121.0711182,UP SLIS Archives,,Image;StillImage,image/jpeg,,Educational use includes non-commercial use of text and images in materials for teaching and research purposes. Digital reproduction rights granted by the UP SLIS.,http://rightsstatements.org/vocab/NoC-US/1.0/
coll0054,bg003a.jpg,,Gonzalez Hall Background Photo,,2016-05,Gonzalez Hall facade,gonzalez hall; upslis,Quezon City,14.65498336,121.0711182,UP SLIS Archives,,Image;StillImage,image/jpeg,,Educational use includes non-commercial use of text and images in materials for teaching and research purposes. Digital reproduction rights granted by the UP SLIS.,http://rightsstatements.org/vocab/NoC-US/1.0/
coll0055,bg004.JPG,,Gonzalez Hall Background Photo,,2016-07,Covered sidewalk infront of Gonzalez Hall,gonzalez hall; upslis,Quezon City,14.65498336,121.0711182,UP SLIS Archives,,Image;StillImage,image/jpeg,,Educational use includes non-commercial use of text and images in materials for teaching and research purposes. Digital reproduction rights granted by the UP SLIS.,http://rightsstatements.org/vocab/NoC-US/1.0/
coll0056,bg005.JPG,,Gonzalez Hall Background Photo,,2016-05,Covered sidewalk infront of Gonzalez Hall,gonzalez hall; upslis,Quezon City,14.65498336,121.0711182,UP SLIS Archives,,Image;StillImage,image/jpeg,,Educational use includes non-commercial use of text and images in materials for teaching and research purposes. Digital reproduction rights granted by the UP SLIS.,http://rightsstatements.org/vocab/NoC-US/1.0/
coll0057,bg006.JPG,,Gonzalez Hall Background Photo,,2016-05,Acad Oval near Melchor Hall,campus,Quezon City,14.65614895,121.0699162,UP SLIS Archives,,Image;StillImage,image/jpeg,,Educational use includes non-commercial use of text and images in materials for teaching and research purposes. Digital reproduction rights granted by the UP SLIS.,http://rightsstatements.org/vocab/NoC-US/1.0/
coll0058,bg007.JPG,,Gonzalez Hall Background Photo,,2016-5,Covered sidewalk infront of Gonzalez Hall,gonzalez hall; upslis,Quezon City,14.65498336,121.0711182,UP SLIS Archives,,Image;StillImage,image/jpeg,,Educational use includes non-commercial use of text and images in materials for teaching and research purposes. Digital reproduction rights granted by the UP SLIS.,http://rightsstatements.org/vocab/NoC-US/1.0/
coll0059,bg008.JPG,,Gonzalez Hall Background Photo,,2016-5,Covered sidewalk infront of Gonzalez Hall,gonzalez hall; upslis,Quezon City,14.65498336,121.0711182,UP SLIS Archives,,Image;StillImage,image/jpeg,,Educational use includes non-commercial use of text and images in materials for teaching and research purposes. Digital reproduction rights granted by the UP SLIS.,http://rightsstatements.org/vocab/NoC-US/1.0/
coll0060,bg009.JPG,,Gonzalez Hall Background Photo,,2016-5,Gonzalez Hall facade,gonzalez hall; upslis,Quezon City,14.65498336,121.0711182,UP SLIS Archives,,Image;StillImage,image/jpeg,,Educational use includes non-commercial use of text and images in materials for teaching and research purposes. Digital reproduction rights granted by the UP SLIS.,http://rightsstatements.org/vocab/NoC-US/1.0/
coll0061,bg01.JPG,,Gonzalez Hall Background Photo,,2016-05,,,,,,UP SLIS Archives,,Image;StillImage,image/jpeg,,Educational use includes non-commercial use of text and images in materials for teaching and research purposes. Digital reproduction rights granted by the UP SLIS.,http://rightsstatements.org/vocab/NoC-US/1.0/
coll0062,bg010.JPG,,Gonzalez Hall Background Photo,,2016-05,Gonzalez Hall facade,gonzalez hall; upslis,Quezon City,14.65498336,121.0711182,UP SLIS Archives,,Image;StillImage,image/jpeg,,Educational use includes non-commercial use of text and images in materials for teaching and research purposes. Digital reproduction rights granted by the UP SLIS.,http://rightsstatements.org/vocab/NoC-US/1.0/
coll0063,bg011.JPG,,Gonzalez Hall Background Photo,,2016-05,Bench outside Gonzalez hall,gonzalez hall; upslis,Quezon City,14.65498336,121.0711182,UP SLIS Archives,,Image;StillImage,image/jpeg,,Educational use includes non-commercial use of text and images in materials for teaching and research purposes. Digital reproduction rights granted by the UP SLIS.,http://rightsstatements.org/vocab/NoC-US/1.0/
coll0064,bg012.JPG,,Gonzalez Hall Background Photo,,2016-07,Gonzalez Hall facade,gonzalez hall; upslis,Quezon City,14.65498336,121.0711182,UP SLIS Archives,,Image;StillImage,image/jpeg,,Educational use includes non-commercial use of text and images in materials for teaching and research purposes. Digital reproduction rights granted by the UP SLIS.,http://rightsstatements.org/vocab/NoC-US/1.0/
coll0065,bg013.JPG,,Gonzalez Hall Background Photo,,2016-07,Gonzalez Hall facade,gonzalez hall; upslis,Quezon City,14.65498336,121.0711182,UP SLIS Archives,,Image;StillImage,image/jpeg,,Educational use includes non-commercial use of text and images in materials for teaching and research purposes. Digital reproduction rights granted by the UP SLIS.,http://rightsstatements.org/vocab/NoC-US/1.0/
coll0066,bg014.JPG,,Gonzalez Hall Background Photo,,2016-07,Gonzalez Hall facade,gonzalez hall; upslis,Quezon City,14.65498336,121.0711182,UP SLIS Archives,,Image;StillImage,image/jpeg,,Educational use includes non-commercial use of text and images in materials for teaching and research purposes. Digital reproduction rights granted by the UP SLIS.,http://rightsstatements.org/vocab/NoC-US/1.0/
coll0067,bg015.JPG,,Gonzalez Hall Background Photo,,2016-07,Gonzalez Hall facade,gonzalez hall; upslis,Quezon City,14.65498336,121.0711182,UP SLIS Archives,,Image;StillImage,image/jpeg,,Educational use includes non-commercial use of text and images in materials for teaching and research purposes. Digital reproduction rights granted by the UP SLIS.,http://rightsstatements.org/vocab/NoC-US/1.0/
coll0068,bg01col.jpg,,Gonzalez Hall Background Photo,,2016-05,,,,,,UP SLIS Archives,,Image;StillImage,image/jpeg,,Educational use includes non-commercial use of text and images in materials for teaching and research purposes. Digital reproduction rights granted by the UP SLIS.,http://rightsstatements.org/vocab/NoC-US/1.0/
coll0069,bg02.JPG,,Gonzalez Hall Background Photo,,2016-05,,,,,,UP SLIS Archives,,Image;StillImage,image/jpeg,,Educational use includes non-commercial use of text and images in materials for teaching and research purposes. Digital reproduction rights granted by the UP SLIS.,http://rightsstatements.org/vocab/NoC-US/1.0/
coll0070,bg03.JPG,,Gonzalez Hall Background Photo,,2016-5,Gonzalez Hall staircase,gonzalez hall; upslis,Quezon City,14.65498336,121.0711182,UP SLIS Archives,,Image;StillImage,image/jpeg,,Educational use includes non-commercial use of text and images in materials for teaching and research purposes. Digital reproduction rights granted by the UP SLIS.,http://rightsstatements.org/vocab/NoC-US/1.0/
coll0071,bg04.JPG,,Gonzalez Hall Background Photo,,2016-5,Gonzalez Hall 3rd floor,gonzalez hall; upslis,Quezon City,14.65498336,121.0711182,UP SLIS Archives,,Image;StillImage,image/jpeg,,Educational use includes non-commercial use of text and images in materials for teaching and research purposes. Digital reproduction rights granted by the UP SLIS.,http://rightsstatements.org/vocab/NoC-US/1.0/
coll0072,bg04a.JPG,,Gonzalez Hall Background Photo,,2016-5,Gonzalez Hall 3rd floor colored,gonzalez hall; upslis,Quezon City,14.65498336,121.0711182,UP SLIS Archives,,Image;StillImage,image/jpeg,,Educational use includes non-commercial use of text and images in materials for teaching and research purposes. Digital reproduction rights granted by the UP SLIS.,http://rightsstatements.org/vocab/NoC-US/1.0/
coll0073,bg05.JPG,,Gonzalez Hall Background Photo,,2016-5,Gonzalez Hall 3rd floor,gonzalez hall; upslis,Quezon City,14.65498336,121.0711182,UP SLIS Archives,,Image;StillImage,image/jpeg,,Educational use includes non-commercial use of text and images in materials for teaching and research purposes. Digital reproduction rights granted by the UP SLIS.,http://rightsstatements.org/vocab/NoC-US/1.0/
coll0074,bg06.JPG,,Gonzalez Hall Background Photo,,2016-5,Gonzalez Hall library,gonzalez hall; upslis; library,Quezon City,14.65498336,121.0711182,UP SLIS Archives,,Image;StillImage,image/jpeg,,Educational use includes non-commercial use of text and images in materials for teaching and research purposes. Digital reproduction rights granted by the UP SLIS.,http://rightsstatements.org/vocab/NoC-US/1.0/
coll0075,bg07.JPG,,Gonzalez Hall Background Photo,,2016-5,Gonzalez Hall library,gonzalez hall; upslis; library,Quezon City,14.65498336,121.0711182,UP SLIS Archives,,Image;StillImage,image/jpeg,,Educational use includes non-commercial use of text and images in materials for teaching and research purposes. Digital reproduction rights granted by the UP SLIS.,http://rightsstatements.org/vocab/NoC-US/1.0/
coll0076,bg08.JPG,,Gonzalez Hall Background Photo,,2016-5,Gonzalez Hall library,gonzalez hall; upslis; library,Quezon City,14.65498336,121.0711182,UP SLIS Archives,,Image;StillImage,image/jpeg,,Educational use includes non-commercial use of text and images in materials for teaching and research purposes. Digital reproduction rights granted by the UP SLIS.,http://rightsstatements.org/vocab/NoC-US/1.0/
coll0077,bg09.JPG,,Gonzalez Hall Background Photo,,2016-5,Gonzalez Hall library,gonzalez hall; upslis; library,Quezon City,14.65498336,121.0711182,UP SLIS Archives,,Image;StillImage,image/jpeg,,Educational use includes non-commercial use of text and images in materials for teaching and research purposes. Digital reproduction rights granted by the UP SLIS.,http://rightsstatements.org/vocab/NoC-US/1.0/
coll0078,bg10.JPG,,Gonzalez Hall Background Photo,,2016-5,Gonzalez Hall library,gonzalez hall; upslis; library,Quezon City,14.65498336,121.0711182,UP SLIS Archives,,Image;StillImage,image/jpeg,,Educational use includes non-commercial use of text and images in materials for teaching and research purposes. Digital reproduction rights granted by the UP SLIS.,http://rightsstatements.org/vocab/NoC-US/1.0/
coll0079,bg10a.jpg,,Gonzalez Hall Background Photo,,2016-5,Gonzalez Hall library,gonzalez hall; upslis; library,Quezon City,14.65498336,121.0711182,UP SLIS Archives,,Image;StillImage,image/jpeg,,Educational use includes non-commercial use of text and images in materials for teaching and research purposes. Digital reproduction rights granted by the UP SLIS.,http://rightsstatements.org/vocab/NoC-US/1.0/
coll0080,bg11.JPG,,Gonzalez Hall Background Photo,,2016-5,Certificates hanged on wall inside Gonzalez Hall,gonzalez hall; upslis,Quezon City,14.65498336,121.0711182,UP SLIS Archives,,Image;StillImage,image/jpeg,,Educational use includes non-commercial use of text and images in materials for teaching and research purposes. Digital reproduction rights granted by the UP SLIS.,http://rightsstatements.org/vocab/NoC-US/1.0/
coll0081,bg16.JPG,,Gonzalez Hall Background Photo,,2016-5,,,,,,UP SLIS Archives,,Image;StillImage,image/jpeg,,Educational use includes non-commercial use of text and images in materials for teaching and research purposes. Digital reproduction rights granted by the UP SLIS.,http://rightsstatements.org/vocab/NoC-US/1.0/
coll0091,cds1.JPG,,"UNESCO Regional Training Course in Computerized Dcoumentation System/Integrated Set of Information System (CDS/ISIS), October 15, 1979.",,1979-10,"UNESCO Regional Training Course in Computerized Dcoumentation System/Integrated Set of Information System (CDS/ISIS), October 15, 1979.",cds,Quezon City,14.66094703,121.0612685,UP SLIS Archives,,Image;StillImage,image/jpeg,,Educational use includes non-commercial use of text and images in materials for teaching and research purposes. Digital reproduction rights granted by the UP SLIS.,http://rightsstatements.org/vocab/NoC-US/1.0/
coll0092,cds2.JPG,,"UNESCO Regional Training Course in Computerized Dcoumentation System/Integrated Set of Information System (CDS/ISIS), October 15, 1979.",,1979-10,"UNESCO Regional Training Course in Computerized Dcoumentation System/Integrated Set of Information System (CDS/ISIS), October 15, 1979.",cds,Quezon City,14.66094703,121.0612685,UP SLIS Archives,,Image;StillImage,image/jpeg,,Educational use includes non-commercial use of text and images in materials for teaching and research purposes. Digital reproduction rights granted by the UP SLIS.,http://rightsstatements.org/vocab/NoC-US/1.0/
coll0093,cds3.JPG,,"UNESCO Regional Training Course in Computerized Dcoumentation System/Integrated Set of Information System (CDS/ISIS), October 15, 1979.",,1979-10,"UNESCO Regional Training Course in Computerized Dcoumentation System/Integrated Set of Information System (CDS/ISIS), October 15, 1979.",cds,Quezon City,14.66094703,121.0612685,UP SLIS Archives,,Image;StillImage,image/jpeg,,Educational use includes non-commercial use of text and images in materials for teaching and research purposes. Digital reproduction rights granted by the UP SLIS.,http://rightsstatements.org/vocab/NoC-US/1.0/
coll0094,cds4.JPG,,"UNESCO/AIT In-Depth Training Course on Mini-MIcro CDS/ISIS Information Management, January 19-30, 1987.",,1987-1,"UNESCO/AIT In-Depth Training Course on Mini-MIcro CDS/ISIS Information Management, January 19-30, 1987.",cds,Quezon City,14.66094703,121.0612685,UP SLIS Archives,,Image;StillImage,image/jpeg,,Educational use includes non-commercial use of text and images in materials for teaching and research purposes. Digital reproduction rights granted by the UP SLIS.,http://rightsstatements.org/vocab/NoC-US/1.0/
coll0095,comp1.jpg,,"2nd Summer Institute on Information Science Institute of Library Science UP Diliman, Q. City Field Trip to NCC, NRC,",,1977-5,"2nd Summer Institute on Information Science Institute of Library Science UP Diliman, Q. City Field Trip to NCC, NRC,",field trip; ncc; summer institute,Quezon City,14.65273253,121.0583799,UP SLIS Archives,,Image;StillImage,image/jpeg,,Educational use includes non-commercial use of text and images in materials for teaching and research purposes. Digital reproduction rights granted by the UP SLIS.,http://rightsstatements.org/vocab/NoC-US/1.0/
coll0098,consuelodamaso.jpg,,Consuelo Damaso,,1961,Consuelo Damaso the first full-time Associate Professor and Acting Director,upslis; faculty; consuelo damaso,Quezon City,14.65498336,121.0711182,UP SLIS Archives,,Image;StillImage,image/jpeg,,Educational use includes non-commercial use of text and images in materials for teaching and research purposes. Digital reproduction rights granted by the UP SLIS.,http://rightsstatements.org/vocab/NoC-US/1.0/
coll0099,cov1.jpg,,Gonzalez Hall Cover Photo,,,Gonzalez Hall 3rd floor,upslis; gonzalez hall,Quezon City,14.65516414,121.0710363,UP SLIS Archives,,Image;StillImage,image/jpeg,,Educational use includes non-commercial use of text and images in materials for teaching and research purposes. Digital reproduction rights granted by the UP SLIS.,http://rightsstatements.org/vocab/NoC-US/1.0/
coll0100,cov2.jpg,,Gonzalez Hall Cover Photo,,,Gonzalez Hall 3rd floor,upslis; gonzalez hall,Quezon City,14.65516414,121.0710363,UP SLIS Archives,,Image;StillImage,image/jpeg,,Educational use includes non-commercial use of text and images in materials for teaching and research purposes. Digital reproduction rights granted by the UP SLIS.,http://rightsstatements.org/vocab/NoC-US/1.0/
coll0101,cov3.jpg,,Gonzalez Hall Cover Photo,,,Gonzalez Hall 3rd floor,upslis; gonzalez hall,Quezon City,14.65516414,121.0710363,UP SLIS Archives,,Image;StillImage,image/jpeg,,Educational use includes non-commercial use of text and images in materials for teaching and research purposes. Digital reproduction rights granted by the UP SLIS.,http://rightsstatements.org/vocab/NoC-US/1.0/
coll0102,cov4.jpg,,Gonzalez Hall Cover Photo,,,Gonzalez Hall 3rd floor,upslis; gonzalez hall,Quezon City,14.65516414,121.0710363,UP SLIS Archives,,Image;StillImage,image/jpeg,,Educational use includes non-commercial use of text and images in materials for teaching and research purposes. Digital reproduction rights granted by the UP SLIS.,http://rightsstatements.org/vocab/NoC-US/1.0/
coll0103,cov5.jpg,,Gonzalez Hall Cover Photo,,,Gonzalez Hall 3rd floor,upslis; gonzalez hall,Quezon City,14.65516414,121.0710363,UP SLIS Archives,,Image;StillImage,image/jpeg,,Educational use includes non-commercial use of text and images in materials for teaching and research purposes. Digital reproduction rights granted by the UP SLIS.,http://rightsstatements.org/vocab/NoC-US/1.0/
coll0104,cov6.jpg,,Gonzalez Hall Cover Photo,,,Gonzalez Hall 3rd floor,upslis; gonzalez hall,Quezon City,14.65516414,121.0710363,UP SLIS Archives,,Image;StillImage,image/jpeg,,Educational use includes non-commercial use of text and images in materials for teaching and research purposes. Digital reproduction rights granted by the UP SLIS.,http://rightsstatements.org/vocab/NoC-US/1.0/
coll0105,cov7.jpg,,Gonzalez Hall Cover Photo,,,Gonzalez Hall facade,upslis; gonzalez hall,Quezon City,14.65516414,121.0710363,UP SLIS Archives,,Image;StillImage,image/jpeg,,Educational use includes non-commercial use of text and images in materials for teaching and research purposes. Digital reproduction rights granted by the UP SLIS.,http://rightsstatements.org/vocab/NoC-US/1.0/
coll0106,coverfront.jpg,,Gonzalez Hall Cover Photo,,,,,,,,UP SLIS Archives,,Image;StillImage,image/jpeg,,Educational use includes non-commercial use of text and images in materials for teaching and research purposes. Digital reproduction rights granted by the UP SLIS.,http://rightsstatements.org/vocab/NoC-US/1.0/
coll0108,dean001damaso.JPG,,Prof. Consuelo Damaso,,,Prof. Consuelo Damaso Acting Director 27 July 1961 - 30 June 1966,,,,,UP SLIS Archives,,Image;StillImage,image/jpeg,,Educational use includes non-commercial use of text and images in materials for teaching and research purposes. Digital reproduction rights granted by the UP SLIS.,http://rightsstatements.org/vocab/NoC-US/1.0/
coll0111,dean004mangahas.JPG,,Dr. Ruby Kell-Mangahas,,,Dr. Ruby Kell-Mangahas Director July 1967-January 1969,,,,,UP SLIS Archives,,Image;StillImage,image/jpeg,,Educational use includes non-commercial use of text and images in materials for teaching and research purposes. Digital reproduction rights granted by the UP SLIS.,http://rightsstatements.org/vocab/NoC-US/1.0/
coll0112,dean005dimalanta.JPG,,Prof. Clarisa G. Dimalanta,,,Prof. Clarisa G. Dimalanta Director February-June 1969,,,,,UP SLIS Archives,,Image;StillImage,image/jpeg,,Educational use includes non-commercial use of text and images in materials for teaching and research purposes. Digital reproduction rights granted by the UP SLIS.,http://rightsstatements.org/vocab/NoC-US/1.0/
coll0138,gab11-1985.jpg,,The 11th GAB Memorial Lecture in 1985.,,1985,The 11th GAB Memorial Lecture in 1985.,upslis; 11th GAB Memorial Lecture; GAB Memorial Lecture,Quezon City,14.65498336,121.0711182,UP SLIS Archives,,Image;StillImage,image/jpeg,,Educational use includes non-commercial use of text and images in materials for teaching and research purposes. Digital reproduction rights granted by the UP SLIS.,http://rightsstatements.org/vocab/NoC-US/1.0/
coll0139,gab12-1990drwilliamsnasri.JPG,,"""Copyright and the New Technologies"" GAB Memorial Lecture in 1990",,1990-04,"Dr. William S. Nasri on ""Copyright and the New Technologies"" during the 12th GAB Memorial Lecture, April 25, 1990.",William S. Nasri; 16th GAB Memorial Lecture; upslis; GAB Memorial Lecture,Quezon City,14.65498336,121.0711182,UP SLIS Archives,,Image;StillImage,image/jpeg,,Educational use includes non-commercial use of text and images in materials for teaching and research purposes. Digital reproduction rights granted by the UP SLIS.,http://rightsstatements.org/vocab/NoC-US/1.0/
coll0140,gab13-1991.JPG,,"""NCLIS and the Library Profession"" GAB Memorial Lecture in 1991",,1991-3,"13th Gabriel A. Bernardo Memorial Lecture ""NCLIS and the Library Profession"" TNL Director Narcissa V. Munasque 14 March 1991",13th GAB Memorial Lecture; GAB Memorial Lecture; Narcissa V. Munasque,,,,UP SLIS Archives,,Image;StillImage,image/jpeg,,Educational use includes non-commercial use of text and images in materials for teaching and research purposes. Digital reproduction rights granted by the UP SLIS.,http://rightsstatements.org/vocab/NoC-US/1.0/
coll0141,gab13-1991b.JPG,,"""NCLIS and the Library Profession"" GAB Memorial Lecture in 1991",,1991-3,"13th Gabriel A. Bernardo Memorial Lecture ""NCLIS and the Library Profession"" TNL Director Narcissa V. Munasque 14 March 1991",13th GAB Memorial Lecture; GAB Memorial Lecture; Narcissa V. Munasque,,,,UP SLIS Archives,,Image;StillImage,image/jpeg,,Educational use includes non-commercial use of text and images in materials for teaching and research purposes. Digital reproduction rights granted by the UP SLIS.,http://rightsstatements.org/vocab/NoC-US/1.0/
coll0142,gab14-1992mrericvajda.JPG,,"""Some Aspects of Database Building and Networking for Scientific and Technological Information"" GAB Memorial Lecture in 1992",,1992-3,"Mr. Eric I. Vajda on ""Some Aspects of Database Building and Networking for Scientific and Technological Information"" 14th GAB Memorial Lecture, March 14, 1992.",Eric I. Vajda; 14th GAB Memorial Lecture; upslis; GAB Memorial Lecture,Quezon City,14.65498336,121.0711182,UP SLIS Archives,,Image;StillImage,image/jpeg,,Educational use includes non-commercial use of text and images in materials for teaching and research purposes. Digital reproduction rights granted by the UP SLIS.,http://rightsstatements.org/vocab/NoC-US/1.0/
coll0143,gab15-1993.JPG,,"""Towards a Redefinition of the Vision of the U.P. Institute of Library Science"" GAB Memorial Lecture in 1993",,1993-3,"Dr. Josephine C. Sison on ""Towards a Redefinition of the Vision of the U.P. Institute of Library Science"" during the 15th GAB Memorial Lecture, March 13, 1993.",Josephine C. Sison; upslis; 15th GAB Memorial Lecture; GAB Memorial Lecture,Quezon City,14.65498336,121.0711182,UP SLIS Archives,,Image;StillImage,image/jpeg,,Educational use includes non-commercial use of text and images in materials for teaching and research purposes. Digital reproduction rights granted by the UP SLIS.,http://rightsstatements.org/vocab/NoC-US/1.0/
coll0144,gab15-19931.JPG,,"""Towards a Redefinition of the Vision of the U.P. Institute of Library Science"" GAB Memorial Lecture in 1993",,1993-3,"Dr. Josephine C. Sison on ""Towards a Redefinition of the Vision of the U.P. Institute of Library Science"" during the 15th GAB Memorial Lecture, March 13, 1993.",Josephine C. Sison; upslis; 15th GAB Memorial Lecture; GAB Memorial Lecture,,,,UP SLIS Archives,,Image;StillImage,image/jpeg,,Educational use includes non-commercial use of text and images in materials for teaching and research purposes. Digital reproduction rights granted by the UP SLIS.,http://rightsstatements.org/vocab/NoC-US/1.0/
coll0145,gab16-1994.JPG,,"""CD-Rom Applications and Technology"" GAB Memorial Lecture in 1994",,1994-3,"Dr. Peter Jasco on ""CD-Rom Applications and Technology"" during the 16th GAB Memorial Lecture in 1994.",Peter Jacso; 16th GAB Memorial Lecture; GAB Memorial Lecture,Quezon City,14.65715342,121.0605074,UP SLIS Archives,,Image;StillImage,image/jpeg,,Educational use includes non-commercial use of text and images in materials for teaching and research purposes. Digital reproduction rights granted by the UP SLIS.,http://rightsstatements.org/vocab/NoC-US/1.0/
coll0146,gab23-2002_dralvinmarcelo.JPG,,"""Emerging Trends in Information Management: Medical Informatics"" GAB Memorial Lecture in 2002",,2002-03,"Dr. Alvin B. Marcelo on ""Emerging Trends in Information Management: Medical Informatics"" during the 23rd GAB Memorial Lecture, March 13, 2002.",Alvin B. Marcelo; 23rd GAB Memorial Lecture; upslis; GAB Memorial Lecture,Quezon City,14.65498336,121.0711182,UP SLIS Archives,,Image;StillImage,image/jpeg,,Educational use includes non-commercial use of text and images in materials for teaching and research purposes. Digital reproduction rights granted by the UP SLIS.,http://rightsstatements.org/vocab/NoC-US/1.0/
coll0150,gab35-2014b.JPG,,"""Librarians and their Role in Perserving Cultural Heritage"" GAB Memorial Lecture in 2014",,2014-03,"Prof. Salvacion M. Arlante on ""Librarians and their Role in Preserving Cultural Heritage"" during the 35th GAB Memorial Lecture, March 14, 2014.",Salvacion M. Arlante; faculy; upslis; 35th GAB Memorial Lecture; GAB Memorial Lecture,Quezon City,14.65498336,121.0711182,UP SLIS Archives,,Image;StillImage,image/jpeg,,Educational use includes non-commercial use of text and images in materials for teaching and research purposes. Digital reproduction rights granted by the UP SLIS.,http://rightsstatements.org/vocab/NoC-US/1.0/
coll0174,intl-ifla2018a.JPG,,IFLA 2018 UP SLIS Faculty delegation,,2018-08,"SLIS Faculty members who were part of the Philippine delegation to the World LIbrary and Information Congress 2018 in Kuala Lumpur, Malaysia include Prof. Sonia M. Pascua, Prof. Iyra S. Buenrostro-Cabbab, Prof. Johann Frederick A. Cabbab, and Prof. Dan Anthony D. Dorado.",faculty; ifla2018; ifla; faculty; conference; Sonia M. Pascua; Iyra S. Buenrostro-Cabbab; Johann Frederick A. Cabbab; Dan Anthony D. Dorado,Kuala Lumpur,3.121033155,101.6538199,UP SLIS Archives,,Image;StillImage,image/jpeg,,Educational use includes non-commercial use of text and images in materials for teaching and research purposes. Digital reproduction rights granted by the UP SLIS.,http://rightsstatements.org/vocab/NoC-US/1.0/
coll0175,intl-ifla2018b.JPG,,"IFLA 2018 ""Unframing' Photographic Histories: Stories and Context Beyond the Visuals""",,2018-08,"Prof. Iyra S. Buenrostro-Cabbab presented her poster entitled ""Unframing' Photographic Histories: Stories and Context Beyond the Visuals"" to conference attendees during the Poster Sessions.",Iyra S. Buenrostro-Cabbab; ifla2018; ifla; faculty; conference,Kuala Lumpur,3.121033155,101.6538199,UP SLIS Archives,,Image;StillImage,image/jpeg,,Educational use includes non-commercial use of text and images in materials for teaching and research purposes. Digital reproduction rights granted by the UP SLIS.,http://rightsstatements.org/vocab/NoC-US/1.0/
coll0176,intl-ifla2018c.JPG,,"IFLA 2018 ""Linked Data: Metadata Schemata of the Music Scores of Jose Maceda Collection""",,2018-08,"Prof. Sonia M. Pascua presented her paper entitled ""Linked Data: Metadata Schemata of the Music Scores of Jose Maceda Collection"" during the Cataloging Session.",Sonia M. Pascua; ifla2018; ifla; faculty; conference,Kuala Lumpur,3.121033155,101.6538199,UP SLIS Archives,,Image;StillImage,image/jpeg,,Educational use includes non-commercial use of text and images in materials for teaching and research purposes. Digital reproduction rights granted by the UP SLIS.,http://rightsstatements.org/vocab/NoC-US/1.0/
coll0177,intl-ifla2018d.JPG,,"IFLA 2018 ""Developing and Artifical Conservational Entitty as a Virtual Library Assitant""",,2018-08,"Prof. Dan Dorado presented a paper co-authored with Allan Jay Monteclaro entitlted ""Developing and Artificial Conservational Entity as a Virtual LIbrary Assitant"" last 23 August 23 2018 during the IFLA Information Technology and Reference and Information Services Section Satellite Meeting 2018 at the University of Malaya Library, Kuala Lumpur: Prof. Dorado co-autheored another paper with Dridge Paul Reyes entitlted ""An Economic Valuation of the Quezon City Public LIbrary - Main: A Mixed Methods Approach on a Total Ecoonomic Value Framerwork"". It was presented at the Africa ATINA Session.",Dan Dorado; ifla2018; ifla; faculty; conference,Kuala Lumpur,3.121033155,101.6538199,UP SLIS Archives,,Image;StillImage,image/jpeg,,Educational use includes non-commercial use of text and images in materials for teaching and research purposes. Digital reproduction rights granted by the UP SLIS.,http://rightsstatements.org/vocab/NoC-US/1.0/
coll0178,intl-ifla2018f.JPG,,"IFLA 2018 ""Unframing' Photographic Histories: Stories and Context Beyond the Visuals""",,2018-08,"Prof. Iyra S. Buenrostro-Cabbab presented her poster entitled ""Unframing' Photographic Histories: Stories and Context Beyond the Visuals"" to conference attendees during the Poster Sessions.",Iyra S. Buenrostro-Cabbab; ifla2018; ifla; faculty; conference,Kuala Lumpur,3.121033155,101.6538199,UP SLIS Archives,,Image;StillImage,image/jpeg,,Educational use includes non-commercial use of text and images in materials for teaching and research purposes. Digital reproduction rights granted by the UP SLIS.,http://rightsstatements.org/vocab/NoC-US/1.0/
coll0179,intl-ifla2018sata.JPG,,IFLA 2018 Satlelite Meeting LIS Education in Developing Countries Special Interest Group Representatives,,2018-08,"Prof. Johann Frederick A. Cabbab and Prof. Iyra S. Buenrostro-Cabbab repsresented the SLIS and the country in the IFLA Satellite Meeting 2018, LIS Education in Developing Countries Special Interest Group, 29 August 2018, Wisma R&D, University of Malaya, Kuala Lumpur",Johann Frederick A. Cabbab; Iyra S. Buenrostro-Cabbab; ifla2018; ifla; faculty; conference,Kuala Lumpur,3.121033155,101.6538199,UP SLIS Archives,,Image;StillImage,image/jpeg,,Educational use includes non-commercial use of text and images in materials for teaching and research purposes. Digital reproduction rights granted by the UP SLIS.,http://rightsstatements.org/vocab/NoC-US/1.0/
coll0190,jcs03.JPG,,Fr. Gaspar Sigaya Blessing the ILIS Premises,,2002-3,"Fr. Gaspar Sigaya, OP, officiating the blessing of the ILIS premises",upslis; ilis; Fr. Gaspar Sigaya,Quezon City,14.65498336,121.0711182,UP SLIS Archives,,Image;StillImage,image/jpeg,,Educational use includes non-commercial use of text and images in materials for teaching and research purposes. Digital reproduction rights granted by the UP SLIS.,http://rightsstatements.org/vocab/NoC-US/1.0/
coll0192,jcs05.JPG,,2002-3 Recognition Program Ribbon Cutting,,2002-3,"Recognition program, ribbon cutting and blessing of the ILIS premises, March 12, 2002.",ilis; upslis;,Quezon City,14.65498336,121.0711182,UP SLIS Archives,,Image;StillImage,image/jpeg,,Educational use includes non-commercial use of text and images in materials for teaching and research purposes. Digital reproduction rights granted by the UP SLIS.,http://rightsstatements.org/vocab/NoC-US/1.0/
coll0204,libclub1.jpg,,UP Library Club 1988,,1988-8,UP Library Club information management an exihibit of British books UPILS Library 1-12 August 1988,lissa;lsc; the library club,,,,UP SLIS Archives,,Image;StillImage,image/jpeg,,Educational use includes non-commercial use of text and images in materials for teaching and research purposes. Digital reproduction rights granted by the UP SLIS.,http://rightsstatements.org/vocab/NoC-US/1.0/
coll0210,lissa0002.JPG,,Members of The UP Institute of Library Science Students' Assocation,,,"Foreground (from left to right): Elvira Lapuz, Abigail Capitin-Principe, Robert Cosico, Joanna Gorcieta-Rojo, Mary Grace Golfo-Barcelona, and Zyrel Rojo. Background: Rowena Aguilar-Coscico, Maria Rachelle Bedia, Rene Manlangit, Angelito Aurelio, and Jerome Ballarta.",lissa; Eliva Lapuz; Abigail Capitin-Principe; Robert Cosico; Joanna Goriceta-Rojo; Mary Grace Golfo-Barcelona; Zyrel Rojo; Rowena Aguilar-Cosico; Maria Rachelle Bedia; Rene Manlangit; Angelito Aurelio; Jerome Ballaria,,,,UP SLIS Archives,,Image;StillImage,image/jpeg,,Educational use includes non-commercial use of text and images in materials for teaching and research purposes. Digital reproduction rights granted by the UP SLIS.,http://rightsstatements.org/vocab/NoC-US/1.0/
coll0211,lissascan10001.JPG,,School paper excerp on the UP library student group,,1989-07,,lissa; Ma. Narea C. Santiago; Elivra B. Lapuz; Corazon T. Martinez; Eunice G. Garcia; Marco David Sicam; Cristina S. Manansala; Michelle Catherine I. Musngi; Juan C. Buenrostro; Rosa M. Vallejo,,,,UP SLIS Archives,,Image;StillImage,image/jpeg,,Educational use includes non-commercial use of text and images in materials for teaching and research purposes. Digital reproduction rights granted by the UP SLIS.,http://rightsstatements.org/vocab/NoC-US/1.0/
coll0212,lissascan10002.JPG,,Library and Information Science Student Assocation Induction Ceremony,,1989-07,,lissa; Ma. Narea C. Santiago; Elivra B. Lapuz; Corazon T. Martinez; Eunice G. Garcia; Marco David Sicam; Cristina S. Manansala; Michelle Catherine I. Musngi; Juan C. Buenrostro; Rosa M. Vallejo,,,,UP SLIS Archives,,Image;StillImage,image/jpeg,,Educational use includes non-commercial use of text and images in materials for teaching and research purposes. Digital reproduction rights granted by the UP SLIS.,http://rightsstatements.org/vocab/NoC-US/1.0/
coll0214,lsc1.JPG,,History of the Library Science Class Excerpt from The Philippinensian,,1917,History of the LIbrary Science Class,lsc; library science class; May Polk; Syrena MckEe; Emma O. Elmer; Eustaquio G. Aquino; Gabriel A. Bernardo; Luis Montilla; Jose Munda; Nicetas Del Mundo; Cirlo B. Perez; Eulogio B. Rodriguez; Gregorio Del Rosario; Catalina Sucgang,,,,UP SLIS Archives,,Image;StillImage,image/jpeg,,Educational use includes non-commercial use of text and images in materials for teaching and research purposes. Digital reproduction rights granted by the UP SLIS.,http://rightsstatements.org/vocab/NoC-US/1.0/
coll0215,lsc2.JPG,,Library Science Club ca. 1970s,,1970,"Guillermina Loraya Castor-Panizales, Cynthia Yap, Eva Galinato, Vestal Lee K. Goforth and other members of the Library Science Club ca. 1970s",upslis; library science club; Guillermina Loraya Castor-Panizales; Cynthia Yap; Eva Galinato; Vestal Lee K. Goforth,,,,UP SLIS Archives,,Image;StillImage,image/jpeg,,Educational use includes non-commercial use of text and images in materials for teaching and research purposes. Digital reproduction rights granted by the UP SLIS.,http://rightsstatements.org/vocab/NoC-US/1.0/
coll0216,lsc3.JPG,,Library Science Club ca. 1970s,,1970,"Vestial Lee K. Goforth, Guillermina Loraya Castor-Panizales, Ursula G. Piache, and other members of the Library Science Club ca. 1970s",usplis; library science club; Vesetial Lee K. Goforth; Guillermina Loraya Castor-Panizales; Ursula G. Piache,,,,UP SLIS Archives,,Image;StillImage,image/jpeg,,Educational use includes non-commercial use of text and images in materials for teaching and research purposes. Digital reproduction rights granted by the UP SLIS.,http://rightsstatements.org/vocab/NoC-US/1.0/
coll0217,mdpc01.jpg,,2003-4 Recognition Program,,2003-4,The graduating class of AY 2002-2003,recognition program,Quezon City,14.65733241,121.0660342,UP SLIS Archives,,Image;StillImage,image/jpeg,,Educational use includes non-commercial use of text and images in materials for teaching and research purposes. Digital reproduction rights granted by the UP SLIS.,http://rightsstatements.org/vocab/NoC-US/1.0/
coll0218,mdpc02.jpg,,2003-4 Recognition Program,,2003-4,,recognition program,Quezon City,14.65733241,121.0660342,UP SLIS Archives,,Image;StillImage,image/jpeg,,Educational use includes non-commercial use of text and images in materials for teaching and research purposes. Digital reproduction rights granted by the UP SLIS.,http://rightsstatements.org/vocab/NoC-US/1.0/
coll0219,mdpc03.jpg,,2003-4 Recognition Program,,2003-4,,recognition program,Quezon City,14.65733241,121.0660342,UP SLIS Archives,,Image;StillImage,image/jpeg,,Educational use includes non-commercial use of text and images in materials for teaching and research purposes. Digital reproduction rights granted by the UP SLIS.,http://rightsstatements.org/vocab/NoC-US/1.0/
coll0220,mdpc04.jpg,,2003-4 Recognition Program,,2003-4,Reagan Austria speaking on bhealf of the graduating class.,recognition program; Reagan Austria,Quezon City,14.65733241,121.0660342,UP SLIS Archives,,Image;StillImage,image/jpeg,,Educational use includes non-commercial use of text and images in materials for teaching and research purposes. Digital reproduction rights granted by the UP SLIS.,http://rightsstatements.org/vocab/NoC-US/1.0/
coll0221,mdpc05.jpg,,2003-4 Recognition Program,,2003-4,,recognition program,Quezon City,14.65733241,121.0660342,UP SLIS Archives,,Image;StillImage,image/jpeg,,Educational use includes non-commercial use of text and images in materials for teaching and research purposes. Digital reproduction rights granted by the UP SLIS.,http://rightsstatements.org/vocab/NoC-US/1.0/
coll0222,mdpc06.jpg,,2003-4 Recognition Program,,2003-4,Former deans Dr. Ursula G. Picache and Dr. Josephine C. Sison,recognition program; dean; Ursula G. Picache; Josephine C. Sison,Quezon City,14.65733241,121.0660342,UP SLIS Archives,,Image;StillImage,image/jpeg,,Educational use includes non-commercial use of text and images in materials for teaching and research purposes. Digital reproduction rights granted by the UP SLIS.,http://rightsstatements.org/vocab/NoC-US/1.0/
coll0223,mdpc07.jpg,,2003-4 Recognition Program,,2003-4,,recognition program,Quezon City,14.65733241,121.0660342,UP SLIS Archives,,Image;StillImage,image/jpeg,,Educational use includes non-commercial use of text and images in materials for teaching and research purposes. Digital reproduction rights granted by the UP SLIS.,http://rightsstatements.org/vocab/NoC-US/1.0/
coll0224,mirror1.jpg,,The First Issue of The Library Mirror from The Library Club 1929,,1929-06,First issue of The Library Mirror from The Library Club in May 1929.Firstofficial publication of the club and later the official publication of the UP Department of Library Science,the library mirror; the library club; lsc; lissa; Perfecto S. Sision; Aquilino Y. Argosino; Solomon V. Arnaldo; Concordia Sanchez; Dalamaco Alarilla,,,,UP SLIS Archives,,Image;StillImage,image/jpeg,,Educational use includes non-commercial use of text and images in materials for teaching and research purposes. Digital reproduction rights granted by the UP SLIS.,http://rightsstatements.org/vocab/NoC-US/1.0/
coll0225,mirror2.jpg,,The First Issue of The Library Mirror from The Library Club 1929,,1929-06,First issue of The Library Mirror from The Library Club in May 1929.Firstofficial publication of the club and later the official publication of the UP Department of Library Science,the library mirror; the library club; lsc; lissa; Perfecto S. Sision; Aquilino Y. Argosino; Solomon V. Arnaldo; Concordia Sanchez; Dalamaco Alarilla,,,,UP SLIS Archives,,Image;StillImage,image/jpeg,,Educational use includes non-commercial use of text and images in materials for teaching and research purposes. Digital reproduction rights granted by the UP SLIS.,http://rightsstatements.org/vocab/NoC-US/1.0/
coll0226,mirror3.jpg,,The First Issue of The Library Mirror from The Library Club 1929,,1929-6,First issue of The Library Mirror from The Library Club in May 1929.Firstofficial publication of the club and later the official publication of the UP Department of Library Science,the library mirror; the library club; lsc; lissa; Perfecto S. Sision; Aquilino Y. Argosino; Solomon V. Arnaldo; Concordia Sanchez; Dalamaco Alarilla,,,,UP SLIS Archives,,Image;StillImage,image/jpeg,,Educational use includes non-commercial use of text and images in materials for teaching and research purposes. Digital reproduction rights granted by the UP SLIS.,http://rightsstatements.org/vocab/NoC-US/1.0/
coll0230,oldclass1.jpg,,MLS students in a ILS Classroom ca. 1960s,,1960,"Luisa de Jesus, Fe Dizon, Susie Manhit, Rosa M. Vallejo, Rosalie B. Faderon and other MLIS students in ILS Classroom 1 ca. 1960s",upslis; faculty; Luisa de Jesus; Fe Dizon; Susie Manhit; Rosa M. Vallejo; Rosalie B. Faderon,Quezon City,14.65498336,121.0711182,UP SLIS Archives,,Image;StillImage,image/jpeg,,Educational use includes non-commercial use of text and images in materials for teaching and research purposes. Digital reproduction rights granted by the UP SLIS.,http://rightsstatements.org/vocab/NoC-US/1.0/
coll0231,oldlibrary.jpg,,MLS students in the ILS Library ca. 1960s,,1960,"Minda Reyes, Susie Manhit, Rosa M. Vallejo, Mae Furbeyre, Rosalie B. Faderon and others in the ILS Library ca. 1960s.",upslis; library; faculty; Minda Reyes; Susie Manhit; Rosa M. Vallejo; Mae Furbeyre; Rosalie B. Faderon,Quezon City,14.65498336,121.0711182,UP SLIS Archives,,Image;StillImage,image/jpeg,,Educational use includes non-commercial use of text and images in materials for teaching and research purposes. Digital reproduction rights granted by the UP SLIS.,http://rightsstatements.org/vocab/NoC-US/1.0/
coll0239,pgtcsis1979a.JPG,,PGTCSIS Graduation Ceremony 1979,,1979-5,Graduation ceremonies of the First Post-Graduate Training Course for Science and Information Specialists in Southeast Asia (PGTCSIS) in 1979.,pgtcsis,Quezon City,14.66094703,121.0612685,UP SLIS Archives,,Image;StillImage,image/jpeg,,Educational use includes non-commercial use of text and images in materials for teaching and research purposes. Digital reproduction rights granted by the UP SLIS.,http://rightsstatements.org/vocab/NoC-US/1.0/
coll0240,pgtcsis1979b.JPG,,PGTCSIS Graduation Ceremony 1979,,1979-5,Graduation ceremonies of the First Post-Graduate Training Course for Science and Information Specialists in Southeast Asia (PGTCSIS) in 1979.,pgtcsis,Quezon City,14.66094703,121.0612685,UP SLIS Archives,,Image;StillImage,image/jpeg,,Educational use includes non-commercial use of text and images in materials for teaching and research purposes. Digital reproduction rights granted by the UP SLIS.,http://rightsstatements.org/vocab/NoC-US/1.0/
coll0241,pgtcsis1979c.JPG,,PGTCSIS Graduation Ceremony 1979,,1979-05,Graduation ceremonies of the First Post-Graduate Training Course for Science and Information Specialists in Southeast Asia (PGTCSIS) in 1979.,pgtcsis,Quezon City,14.66094703,121.0612685,UP SLIS Archives,,Image;StillImage,image/jpeg,,Educational use includes non-commercial use of text and images in materials for teaching and research purposes. Digital reproduction rights granted by the UP SLIS.,http://rightsstatements.org/vocab/NoC-US/1.0/
coll0242,pgtcsis1980a.JPG,,PGTCSIS Graduation Ceremony 1980,,1980-04,"Graduation ceremonies of the Second Post-Graduate Training Course for Science Information Specialists in Southeast Asia (PGTCSIS) on April 15, 1980.",pgtcsis,Quezon City,14.65733241,121.0660342,UP SLIS Archives,,Image;StillImage,image/jpeg,,Educational use includes non-commercial use of text and images in materials for teaching and research purposes. Digital reproduction rights granted by the UP SLIS.,http://rightsstatements.org/vocab/NoC-US/1.0/
coll0243,pgtcsis1980b.JPG,,PGTCSIS Graduation Ceremony 1980,,1980-04,"Graduation ceremonies of the Second Post-Graduate Training Course for Science Information Specialists in Southeast Asia (PGTCSIS) on April 15, 1980.",pgtcsis,Quezon City,14.65733241,121.0660342,UP SLIS Archives,,Image;StillImage,image/jpeg,,Educational use includes non-commercial use of text and images in materials for teaching and research purposes. Digital reproduction rights granted by the UP SLIS.,http://rightsstatements.org/vocab/NoC-US/1.0/
coll0244,pgtcsis1980c.JPG,,PGTCSIS Graduation Ceremony 1980,,1980-04,"Graduation ceremonies of the Second Post-Graduate Training Course for Science Information Specialists in Southeast Asia (PGTCSIS) on April 15, 1980.",pgtcsis,Quezon City,14.65733241,121.0660342,UP SLIS Archives,,Image;StillImage,image/jpeg,,Educational use includes non-commercial use of text and images in materials for teaching and research purposes. Digital reproduction rights granted by the UP SLIS.,http://rightsstatements.org/vocab/NoC-US/1.0/
coll0245,pgtcsis1981a.JPG,,PGTCSIS Graduation Ceremony 1981,,1981-04,"Graduation ceremonies of the Third Post-Graduate Training Course for Science Information Specialists in Southeast Asia (PGTCSIS) on April 29, 1981.",pgtcsis,Quezon City,14.66094703,121.0612685,UP SLIS Archives,,Image;StillImage,image/jpeg,,Educational use includes non-commercial use of text and images in materials for teaching and research purposes. Digital reproduction rights granted by the UP SLIS.,http://rightsstatements.org/vocab/NoC-US/1.0/
coll0246,pgtcsis1981b.JPG,,PGTCSIS Graduation Ceremony 1981,,1981-04,"Graduation ceremonies of the Third Post-Graduate Training Course for Science Information Specialists in Southeast Asia (PGTCSIS) on April 29, 1981.",pgtcsis,Quezon City,14.66094703,121.0612685,UP SLIS Archives,,Image;StillImage,image/jpeg,,Educational use includes non-commercial use of text and images in materials for teaching and research purposes. Digital reproduction rights granted by the UP SLIS.,http://rightsstatements.org/vocab/NoC-US/1.0/
coll0253,rbf01.jpg,,2006-07 Recognition Program,,2007-4,Dean Rosalie B. Faderon,recognition program; dean; Rosalie B. Faderon,Quezon City,14.65733241,121.0660342,UP SLIS Archives,,Image;StillImage,image/jpeg,,Educational use includes non-commercial use of text and images in materials for teaching and research purposes. Digital reproduction rights granted by the UP SLIS.,http://rightsstatements.org/vocab/NoC-US/1.0/
coll0255,rbf03.jpg,,2006-07 Recognition Program,,2007-4,Dean Rosalie B. Faderon and the ILIS faculty with 2006-07 ILIS Recognition Program speaker Atty. Virgilio de los Reyes,recognition program; faculty; dean; Rosalie B. Faderon; Virgilio de los Reyes,Quezon City,14.65733241,121.0660342,UP SLIS Archives,,Image;StillImage,image/jpeg,,Educational use includes non-commercial use of text and images in materials for teaching and research purposes. Digital reproduction rights granted by the UP SLIS.,http://rightsstatements.org/vocab/NoC-US/1.0/
coll0260,rmv01.jpg,,Dean Vallejo speaking at MAHLAP Induction Ceremonies and Symposium on Updating Library Collections on 1989,,1989-02,"Dean Vallejo speaking at the MAHLAP Induction Ceremonies and Symposium on Updating LIbrary Collections, February 8, 1989, at the Philcite",mahlap; dean; Rosa M. Vallejo,Pasay,14.55690488,120.9854117,UP SLIS Archives,,Image;StillImage,image/jpeg,,Educational use includes non-commercial use of text and images in materials for teaching and research purposes. Digital reproduction rights granted by the UP SLIS.,http://rightsstatements.org/vocab/NoC-US/1.0/
coll0261,rmv02.jpg,,Dean Vallejo at MAHLAP Induction Cermonies and SYmposium on Updating LIbrary Collectins in 1989,,1989-02,"Dean Vallejo at the MAHLAP Induction Ceremonies and Symposium on Updating LIbrary Collections, February 8, 1989, at the Philcite",mahlap; dean; Rosa M. Vallejo,Pasay,14.55690488,120.9854117,UP SLIS Archives,,Image;StillImage,image/jpeg,,Educational use includes non-commercial use of text and images in materials for teaching and research purposes. Digital reproduction rights granted by the UP SLIS.,http://rightsstatements.org/vocab/NoC-US/1.0/
coll0262,rmv03.jpg,,Dean Vallejo during the UNESCO-UPILS Asian REgional Seminar on 1986,,1989-11,"Dean Vallejo during the UNESCO-UPILS Asian Regional Seminar on Integrated Microcomputer Softwares for Library and Information Services in Developing Countries, November 10-14 1986.",dean; Rosa M. Vallejo,,14.55469119,120.9828341,UP SLIS Archives,,Image;StillImage,image/jpeg,,Educational use includes non-commercial use of text and images in materials for teaching and research purposes. Digital reproduction rights granted by the UP SLIS.,http://rightsstatements.org/vocab/NoC-US/1.0/
coll0263,rmv04.jpg,,"Dean Vallejo at CONSAL VII ""Libraries for Countryside Development in Southeast Asia"" 1987",,1987-2,"Dean Vallejo at the CONSAL VII, ""Libraries for Countryside Development in Southeast Asia"", February 15-21, 1987 at the PICC.",consal vii; dean; Rosa M. Vallejo,Pasay,,,UP SLIS Archives,,Image;StillImage,image/jpeg,,Educational use includes non-commercial use of text and images in materials for teaching and research purposes. Digital reproduction rights granted by the UP SLIS.,http://rightsstatements.org/vocab/NoC-US/1.0/
coll0268,santos1.jpg,,Herminia H. Santos,,1966,Herminia H. Santos,Herminia H. Santos; mls; upslis,,,,UP SLIS Archives,,Image;StillImage,image/jpeg,,Educational use includes non-commercial use of text and images in materials for teaching and research purposes. Digital reproduction rights granted by the UP SLIS.,http://rightsstatements.org/vocab/NoC-US/1.0/
coll0278,scan10009lsalumni1954.JPG,,UP Library Science Alumni Home Coming 1954,,1954-03,"UP Library Science Alumni Home Coming March 28, 1954",alumni; uplsa,,,,UP SLIS Archives,,Image;StillImage,image/jpeg,,Educational use includes non-commercial use of text and images in materials for teaching and research purposes. Digital reproduction rights granted by the UP SLIS.,http://rightsstatements.org/vocab/NoC-US/1.0/
coll0290,si1987a.jpg,,"""The Applications of Mini-Micro CDs/ISIS Superdoc Software Packages in Library and Information Work"" Summer Institute on Information Science 1987",,1987-05,"""The Applications of Mini-Micro CDS/ISIS Superdoc Software Packages in LIbrary and Information Work"", the 6th Summer Institute on Information Science, May 4-8, 1987",summer institute,Quezon City,14.65709126,121.0714077,UP SLIS Archives,,Image;StillImage,image/jpeg,,Educational use includes non-commercial use of text and images in materials for teaching and research purposes. Digital reproduction rights granted by the UP SLIS.,http://rightsstatements.org/vocab/NoC-US/1.0/
coll0291,si1987b.jpg,,"""The Applications of Mini-Micro CDs/ISIS Superdoc Software Packages in Library and Information Work"" Summer Institute on Information Science 1987",,1987-05,"""The Applications of Mini-Micro CDS/ISIS Superdoc Software Packages in LIbrary and Information Work"", the 6th Summer Institute on Information Science, May 4-8, 1987",summer institute,Quezon City,14.65709126,121.0714077,UP SLIS Archives,,Image;StillImage,image/jpeg,,Educational use includes non-commercial use of text and images in materials for teaching and research purposes. Digital reproduction rights granted by the UP SLIS.,http://rightsstatements.org/vocab/NoC-US/1.0/
coll0292,si1988.jpg,,"""Advanced Technology for Information Management"", the 7th Summer Institute on Information Science, 1988.",,1988-05,"""Advanced Technology for Information Management"", the 7th Summer Institute on Information Science, 1988.",summer institute,Quezon City,14.65709126,121.0714077,UP SLIS Archives,,Image;StillImage,image/jpeg,,Educational use includes non-commercial use of text and images in materials for teaching and research purposes. Digital reproduction rights granted by the UP SLIS.,http://rightsstatements.org/vocab/NoC-US/1.0/
coll0293,si1989.JPG,,"""Information Consolidation"", the 8th Summer Institute on Information Science, May 15-19, 1989.",,1989-05,"""Information Consolidation"", the 8th Summer Institute on Information Science, May 15-19, 1989.",summer institute,Quezon City,14.65709126,121.0714077,UP SLIS Archives,,Image;StillImage,image/jpeg,,Educational use includes non-commercial use of text and images in materials for teaching and research purposes. Digital reproduction rights granted by the UP SLIS.,http://rightsstatements.org/vocab/NoC-US/1.0/
coll0294,si1989b.jpg,,"Dean Rosa M. Vallejo during ""Abstracting and Indexing"", the 3rd Summer Institute on Library and Information Services, May 22-26, 1989",,1989-05,"Dean Rosa M. Vallejo during ""Abstracting and Indexing"", the 3rd Summer Institute on Library and Information Services, May 22-26, 1989",summer institute; Rosa M. Vallejo; dean,Quezon City,14.65709126,121.0714077,UP SLIS Archives,,Image;StillImage,image/jpeg,,Educational use includes non-commercial use of text and images in materials for teaching and research purposes. Digital reproduction rights granted by the UP SLIS.,http://rightsstatements.org/vocab/NoC-US/1.0/
coll0326,uplissaoldlogo.jpg,,UP LISSA Old Logo,,,,,,,,UP SLIS Archives,,Image;StillImage,image/jpeg,,Educational use includes non-commercial use of text and images in materials for teaching and research purposes. Digital reproduction rights granted by the UP SLIS.,http://rightsstatements.org/vocab/NoC-US/1.0/
coll0327,uplsaa1985.jpg,,UPLSAA Symposion 1985,,1985-02,"UPLSAA Symposion: Beyond Survival: Our Concern for Maintaining Library and Information Services U.P. Alumni Hostel, Diliman, Q.C. 8 February 1985",uplsaa,Quezon City,14.65782841,121.0657165,UP SLIS Archives,,Image;StillImage,image/jpeg,,Educational use includes non-commercial use of text and images in materials for teaching and research purposes. Digital reproduction rights granted by the UP SLIS.,http://rightsstatements.org/vocab/NoC-US/1.0/
coll0330,vp-diljit03.jpg,,Visiting Professor Diljit Singh,,2016,"Dr. Diljit Singh, visiting professor from the University of Malaya, has been conducting regular visists to the SLIS since 2016. He has provided valuable wisdom along the lines of LIS research, journal publications, and curriculum development. He has overseen faculty and student research via numberous SLIS Student Research Fora, Qualatative Research Seminars and Workshops, and the refocusing of the research agenda of the faculty and school as whole. Dr. Diljit Singh also served as the SLIS Recognition Speaker for graduating batch iNVICTUS for 2018.",Diljit Singh; visiting professor,Quezon City,14.65516414,121.0710363,UP SLIS Archives,,Image;StillImage,image/jpeg,,Educational use includes non-commercial use of text and images in materials for teaching and research purposes. Digital reproduction rights granted by the UP SLIS.,http://rightsstatements.org/vocab/NoC-US/1.0/
coll0331,vp-mona01.jpg,,Visiting Professor Mona Jimenez,,2018-03,"Prof. Mona Jimenez, visisting professor from New York University, is a leading advocate of the CAAW or Community Archiving Workshops. She helped SLIS start the Community Archiving Workshops in 2017. She delivered her Visiting Professor Lecture on ""Community Archiving: Theories and Initatives."" on 29 March 2018 at the UP Main Library. During her visit she handled LIS 217 classes, oversaw Community Archiving Initatives involving LIS students, engaged in research and coauthored an article with SLIS faculty, served as consultant for UP SLIS and the UP Main Library in developing preservation laboratories, and prsented at the 21st SEAPAVAA Conference together with MLIS students.",Mona Jimenez; visiting professor,Quezon City,14.65516414,121.0710363,UP SLIS Archives,,Image;StillImage,image/jpeg,,Educational use includes non-commercial use of text and images in materials for teaching and research purposes. Digital reproduction rights granted by the UP SLIS.,http://rightsstatements.org/vocab/NoC-US/1.0/
coll0332,vp-nesmith02.jpg,,Visiting Professor Dr. Thomas Nesmith,,2018-11,"Dr. Thomas Nesmith, Senior Scholar, Archival Studies, Uniersity of Manitoba, is known for his explications on the concept of Societal Provenance. During his visit he handled LIS 170 and 171 classes, talked about the role of Archives as LIbraries' Partners in Societal Transformation at the plenary session of the 2018 PLAI Congress, served as consultant for the development of the Archives and Doctoral degress of the SLIS, and delivered a public lecture entitled: ""Archives, Libraries, and the Reflections of the Yuval Noah Harari on ""The New Human Agend"" to close out the LIS month.",lis month; Thomas Nesmith; visiting professors,Quezon City,14.65516414,121.0710363,UP SLIS Archives,,Image;StillImage,image/jpeg,,Educational use includes non-commercial use of text and images in materials for teaching and research purposes. Digital reproduction rights granted by the UP SLIS.,http://rightsstatements.org/vocab/NoC-US/1.0/
coll0333,vvma01.jpg,,AY 2008-09 Recognition Program,,2009-04,Micaella Gonazles with the response from the graduating class.,recognition program; Micaella Gonazles,Quezon City,14.65733241,121.0660342,UP SLIS Archives,,Image;StillImage,image/jpeg,,Educational use includes non-commercial use of text and images in materials for teaching and research purposes. Digital reproduction rights granted by the UP SLIS.,http://rightsstatements.org/vocab/NoC-US/1.0/
coll0334,vvma02.jpg,,AY 2008-09 Recognition Program,,2009-4,Dean Vyva Victoria M. Aguirre with AY 2008-09 Recognition Program Speaker Dr. Federico M. Macaranas.,recognition program; dean; Vyva Victoria M. Aguirre; Federico M. Macaranas,Quezon City,14.65733241,121.0660342,UP SLIS Archives,,Image;StillImage,image/jpeg,,Educational use includes non-commercial use of text and images in materials for teaching and research purposes. Digital reproduction rights granted by the UP SLIS.,http://rightsstatements.org/vocab/NoC-US/1.0/
coll0335,vvma03.jpg,,AY 2008-09 Recognition Program,,2009-04,Dean Vyva Victoria M. Aguirre,recognition program; dean; Vyva Victoria M. Aguirre,Quezon City,14.65733241,121.0660342,UP SLIS Archives,,Image;StillImage,image/jpeg,,Educational use includes non-commercial use of text and images in materials for teaching and research purposes. Digital reproduction rights granted by the UP SLIS.,http://rightsstatements.org/vocab/NoC-US/1.0/
coll0336,vvma04.jpg,,AY 2008-09 Recognition Program,,2009-4,The graduating members of the UP SLIS Singing Libraians sing U.P. Naming Mahal for the last time.,recognition program,Quezon City,14.65733241,121.0660342,UP SLIS Archives,,Image;StillImage,image/jpeg,,Educational use includes non-commercial use of text and images in materials for teaching and research purposes. Digital reproduction rights granted by the UP SLIS.,http://rightsstatements.org/vocab/NoC-US/1.0/
coll0337,vvma05.jpg,,AY 2008-09 Recognition Program,,2009-04,The AY 2008-09 Recognition Program,recognition program; faculty,Quezon City,14.65733241,121.0660342,UP SLIS Archives,,Image;StillImage,image/jpeg,,Educational use includes non-commercial use of text and images in materials for teaching and research purposes. Digital reproduction rights granted by the UP SLIS.,http://rightsstatements.org/vocab/NoC-US/1.0/
coll0338,achieve00.jpg,,,,,,,,,,UP SLIS Archives,,Image;StillImage,image/jpeg,,Educational use includes non-commercial use of text and images in materials for teaching and research purposes. Digital reproduction rights granted by the UP SLIS.,http://rightsstatements.org/vocab/NoC-US/1.0/
coll0339,achieve01.jpg,,,,,,,,,,UP SLIS Archives,,Image;StillImage,image/jpeg,,Educational use includes non-commercial use of text and images in materials for teaching and research purposes. Digital reproduction rights granted by the UP SLIS.,http://rightsstatements.org/vocab/NoC-US/1.0/
coll0340,achieve02.jpg,,,,,,,,,,UP SLIS Archives,,Image;StillImage,image/jpeg,,Educational use includes non-commercial use of text and images in materials for teaching and research purposes. Digital reproduction rights granted by the UP SLIS.,http://rightsstatements.org/vocab/NoC-US/1.0/
coll0341,achieve03.jpg,,,,,,,,,,UP SLIS Archives,,Image;StillImage,image/jpeg,,Educational use includes non-commercial use of text and images in materials for teaching and research purposes. Digital reproduction rights granted by the UP SLIS.,http://rightsstatements.org/vocab/NoC-US/1.0/
coll0342,afolayan-uplissapres.jpg,,,,,,,,,,UP SLIS Archives,,Image;StillImage,image/jpeg,,Educational use includes non-commercial use of text and images in materials for teaching and research purposes. Digital reproduction rights granted by the UP SLIS.,http://rightsstatements.org/vocab/NoC-US/1.0/
coll0343,alejandro1.jpg,,,,,,,,,,UP SLIS Archives,,Image;StillImage,image/jpeg,,Educational use includes non-commercial use of text and images in materials for teaching and research purposes. Digital reproduction rights granted by the UP SLIS.,http://rightsstatements.org/vocab/NoC-US/1.0/
coll0344,aliep01.jpg,,6th Asia-Pacific Library and Information Education and Practice Conference,,2015-10,,,Pasay,14.55522686,120.9830861,UP SLIS Archives,,Image;StillImage,image/jpeg,,Educational use includes non-commercial use of text and images in materials for teaching and research purposes. Digital reproduction rights granted by the UP SLIS.,http://rightsstatements.org/vocab/NoC-US/1.0/
coll0345,aliep02.jpg,,6th Asia-Pacific Library and Information Education and Practice Conference,,2015-10,,,Pasay,14.55522686,120.9830861,UP SLIS Archives,,Image;StillImage,image/jpeg,,Educational use includes non-commercial use of text and images in materials for teaching and research purposes. Digital reproduction rights granted by the UP SLIS.,http://rightsstatements.org/vocab/NoC-US/1.0/
coll0346,aliep03.jpg,,6th Asia-Pacific Library and Information Education and Practice Conference,,2015-10,,,Pasay,14.55522686,120.9830861,UP SLIS Archives,,Image;StillImage,image/jpeg,,Educational use includes non-commercial use of text and images in materials for teaching and research purposes. Digital reproduction rights granted by the UP SLIS.,http://rightsstatements.org/vocab/NoC-US/1.0/
coll0347,aliep04.jpg,,6th Asia-Pacific Library and Information Education and Practice Conference,,2015-10,,,Pasay,14.55522686,120.9830861,UP SLIS Archives,,Image;StillImage,image/jpeg,,Educational use includes non-commercial use of text and images in materials for teaching and research purposes. Digital reproduction rights granted by the UP SLIS.,http://rightsstatements.org/vocab/NoC-US/1.0/
coll0348,aliep05.jpg,,6th Asia-Pacific Library and Information Education and Practice Conference,,2015-10,,,Pasay,14.55522686,120.9830861,UP SLIS Archives,,Image;StillImage,image/jpeg,,Educational use includes non-commercial use of text and images in materials for teaching and research purposes. Digital reproduction rights granted by the UP SLIS.,http://rightsstatements.org/vocab/NoC-US/1.0/
coll0349,aliep06.jpg,,6th Asia-Pacific Library and Information Education and Practice Conference,,2015-10,,,Pasay,14.55522686,120.9830861,UP SLIS Archives,,Image;StillImage,image/jpeg,,Educational use includes non-commercial use of text and images in materials for teaching and research purposes. Digital reproduction rights granted by the UP SLIS.,http://rightsstatements.org/vocab/NoC-US/1.0/
coll0350,angie.jpg,,,,,,,,,,UP SLIS Archives,,Image;StillImage,image/jpeg,,Educational use includes non-commercial use of text and images in materials for teaching and research purposes. Digital reproduction rights granted by the UP SLIS.,http://rightsstatements.org/vocab/NoC-US/1.0/
coll0351,bernardo_gabriel.jpg,,,,,,,,,,UP SLIS Archives,,Image;StillImage,image/jpeg,,Educational use includes non-commercial use of text and images in materials for teaching and research purposes. Digital reproduction rights granted by the UP SLIS.,http://rightsstatements.org/vocab/NoC-US/1.0/
coll0352,bernardo_gabriel2.jpg,,,,,,,,,,UP SLIS Archives,,Image;StillImage,image/jpeg,,Educational use includes non-commercial use of text and images in materials for teaching and research purposes. Digital reproduction rights granted by the UP SLIS.,http://rightsstatements.org/vocab/NoC-US/1.0/
